user,assistant,step,topic,Next
Overall topic,"I am glad you are interested in learning about for loops in C, They are a key concept.
I am here to help you better understand them based on your knowlegde.
To get started,  could you share what you know about for loops in C.",1.,Start,
What is a for loop,"A for loop is a control structure used to repeat a block of code for a specific number of time.
It is used when your know the total number of iterations beforehand.",1.1.,Defination,1.1.
What is the syntax of the for loop,"for (initialization; condition; update) {
    // Code to execute in each iteration
} 
Initialization: Executes once at the start. Typically, it initializes a loop control variable. Example: int i = 0;
Condition: Checked before each iteration. If it evaluates to true (non-zero), the loop body executes; otherwise, the loop terminates.
Example: i < 10
Update: Executes after each iteration, typically to modify the loop control variable.
Example: i++",1.2.,Syntax,1.2.
Basic example of the for loop,"#include <stdio.h>

int main() {
    for (int i = 0; i < 10; i++) {
        printf(""i = %d\n"", i);
    }
    return 0;
}",1.3.,Basic Implementation,1.3.
Loops with arrays,"#include <stdio.h>

int main() {
    int numbers[] = {10, 20, 30, 40, 50};
    int size = 5; // Manually define the size

    for (int i = 0; i < size; i++) {
        printf(""Element at index %d: %d\n"", i, numbers[i]);
    }

    return 0;
}",1.3.,loops with array,1.4.
Loops with arrays (aggregation),"Aggregation using for loops with arrays in C refers to operations where array elements are combined to compute a single value, such as a sum, product, average, or count. Below are examples illustrating different types of aggregation:
#include <stdio.h>

int main() {
    int numbers[] = {2, 4, 6, 8, 10};
    int size = 5; // Define the array size
    int sum = 0;  // Initialize the sum variable

    for (int i = 0; i < size; i++) {
        sum += numbers[i]; // Add each element to the sum
    }

    printf(""Sum of array elements: %d\n"", sum);

    return 0;
}",1.4.,aggregation,1.5.
